bitrate,num_bytes,num_packets,interval,packet_size
2637510.6666666665,9890665,6023,3.9778220065701313,1642.1492611655322
