bitrate,num_bytes,num_packets,interval,packet_size
4263.2,15987,61,541.3035603820301,262.08196721311475
